model,brier_score,test_roc_auc
logistic_regression,0.022772579765941856,0.9949685534591195
calibrated_random_forest,0.027391584556116663,0.9968553459119497
random_forest,0.02850835974771987,0.9972746331236897
